RMSSD,SDNN,condition,actualCondition
30.944720996896347,25.245621544162777,0,0
35.925269657999785,28.014601116684968,0,0
