RMSSD,SDNN,condition,actualCondition
34.672042593917205,24.22742900045777,0,0
26.219366833175368,29.772721248746404,1,0
