RMSSD,SDNN,condition,actualCondition
30.776975521032313,22.918860018267203,1,0
30.076530736596354,30.649149586413817,1,0
