RMSSD,SDNN,condition,actualCondition
40.27681991198191,33.39936119302595,0,0
32.77948976867928,26.44496316536588,0,0
