RMSSD,SDNN,condition,actualCondition
24.59392427228951,18.88586432063435,1,1
23.76229081226102,18.271241647187463,1,1
