RMSSD,SDNN,condition,actualCondition
38.222936933226606,28.97548120053348,0,0
44.961637220510795,32.96334454836035,0,0
