RMSDD,SDNN,condition,actualCondition
33.3555481530823,0.2597843773311128,0,0
44.360656756498415,0.32167636659552773,0,0
35.63576023333033,0.3029709280111784,0,1
31.638743669907328,0.24605734633835832,0,1
26.221567868244005,0.19739898182283352,1,1
25.84139659108574,0.24813198468401929,1,1
25.280477924726107,0.23409072012914875,1,1
36.9894879962162,0.26332975630116934,0,0
